age,height,gender,is_active,signup_date
37.0,,female,False,2020-04-27
35.0,180.86,female,False,
63.0,176.8,male,True,2021-01-29
64.0,191.69,other,True,2023-01-17
27.0,161.93,female,True,2016-02-03
43.0,176.31,female,False,2017-11-10
54.0,176.78,other,True,2025-04-24
32.0,174.37,female,True,2023-11-21
26.0,149.44,other,True,2019-07-28
56.0,,female,False,2016-08-11
34.0,189.72,female,True,2020-10-06
51.0,164.47,female,False,2019-06-14
45.0,169.37,female,False,2017-01-10
45.0,177.61,other,True,2019-12-06
34.0,174.15,other,True,2023-02-12
52.0,167.71,male,True,2022-02-25
21.0,158.52,female,True,2021-06-16
36.0,176.65,other,False,2023-02-12
35.0,174.5,other,True,2020-02-21
39.0,193.11,male,False,2023-08-27
32.0,171.6,male,False,2017-12-17
23.0,174.31,other,True,2025-01-03
51.0,180.69,female,True,2018-08-15
22.0,170.49,other,True,
,157.88,other,True,2024-06-07
53.0,161.4,other,True,2019-11-14
60.0,174.1,female,False,2020-07-07
48.0,163.72,male,True,2016-05-22
57.0,169.31,other,True,2015-09-05
32.0,,male,True,2022-02-15
41.0,165.0,female,False,2022-08-25
42.0,163.89,other,False,2024-07-10
26.0,170.06,male,True,2020-02-19
43.0,174.15,male,True,2018-11-03
38.0,160.84,other,True,2023-11-16
25.0,175.91,,False,2022-08-15
28.0,182.21,female,True,2018-11-03
48.0,165.26,other,False,2017-01-31
38.0,164.36,other,False,2019-04-13
24.0,159.0,other,False,2016-05-02
58.0,167.21,female,False,2022-03-22
38.0,,,False,2016-11-06
,158.12,other,False,
27.0,153.07,male,True,2018-12-23
41.0,169.7,other,True,2021-04-28
30.0,178.19,male,True,2023-12-30
,161.45,male,False,2019-08-01
33.0,165.91,other,True,2018-09-01
34.0,173.34,other,True,2021-11-28
43.0,180.31,male,False,2023-09-24
35.0,172.15,other,False,2016-12-26
48.0,179.34,female,False,2021-09-16
43.0,150.58,male,True,
33.0,176.98,other,False,2016-02-23
53.0,181.29,other,False,2021-08-02
42.0,166.94,other,True,2016-10-24
57.0,176.3,female,False,2016-09-07
41.0,158.02,male,True,2023-01-30
39.0,183.12,male,False,2019-10-15
33.0,180.11,male,,2015-10-19
38.0,180.94,other,False,
25.0,182.09,,True,2018-07-01
36.0,160.39,female,False,2018-08-01
49.0,180.79,male,False,2024-01-13
47.0,168.7,female,False,2019-02-12
54.0,166.37,other,True,
44.0,173.34,other,True,2018-11-17
55.0,191.2,male,True,2021-05-18
38.0,181.49,female,False,2015-07-29
,185.36,female,True,2020-08-02
24.0,160.2,other,True,2022-02-24
41.0,167.72,other,True,2021-02-15
36.0,,female,False,2018-02-10
31.0,172.47,other,False,2017-01-16
47.0,163.28,male,False,2016-10-27
20.0,160.01,other,True,2020-01-15
45.0,174.58,male,False,2020-08-24
48.0,169.13,female,False,2020-05-27
40.0,153.44,female,False,2017-10-03
61.0,174.46,female,False,2018-02-26
64.0,173.3,female,False,2019-01-03
26.0,174.92,male,True,2023-07-13
,169.24,other,,2021-01-08
35.0,,male,True,
33.0,182.7,female,False,2019-08-28
56.0,181.08,female,False,2016-11-02
37.0,169.23,male,False,2018-09-20
52.0,152.46,female,False,2015-11-18
58.0,180.66,female,False,2022-03-05
23.0,165.13,female,False,2016-09-23
57.0,180.87,female,,2023-12-03
52.0,173.16,male,True,2023-04-12
18.0,172.62,male,True,2023-01-19
26.0,180.03,female,False,2015-12-06
22.0,179.09,male,False,2017-04-08
18.0,161.76,male,True,2023-04-02
39.0,177.74,male,False,2020-08-17
53.0,163.22,male,False,2018-09-07
22.0,172.86,male,False,2018-01-08
29.0,170.78,female,False,2016-02-12
58.0,165.06,male,True,2021-09-12
27.0,180.59,male,False,2017-07-30
61.0,161.76,other,True,2024-11-17
43.0,152.34,female,True,2025-01-27
59.0,169.88,female,True,2018-02-01
32.0,173.03,male,False,2022-01-24
28.0,165.24,female,False,2021-07-22
50.0,158.52,male,True,2020-02-13
46.0,185.28,other,False,2015-07-03
28.0,173.69,female,True,2019-12-17
51.0,176.58,other,True,2021-02-17
34.0,180.94,other,True,2023-02-23
63.0,162.54,male,False,2022-01-10
54.0,160.1,other,False,2016-10-13
,171.86,other,True,2023-11-20
49.0,147.44,female,True,2023-11-30
18.0,,other,False,2018-02-14
29.0,170.53,other,True,2019-11-08
59.0,185.0,female,False,2023-08-11
63.0,163.0,female,True,2025-02-20
62.0,175.42,male,True,2017-10-13
21.0,166.2,male,True,2024-07-16
40.0,163.2,other,True,2024-04-26
64.0,168.37,other,True,2019-03-27
23.0,167.59,,False,2021-07-28
,160.57,female,False,
46.0,165.09,other,,2020-05-06
52.0,162.7,male,True,2018-11-30
43.0,166.51,female,False,2023-10-01
18.0,148.46,male,False,2018-12-12
46.0,165.6,male,True,2019-07-16
34.0,157.37,male,False,2023-08-04
47.0,157.26,male,True,2023-08-20
26.0,164.47,male,True,2024-07-14
36.0,168.14,male,True,2017-03-18
,168.39,male,False,2016-11-09
45.0,161.69,female,True,2022-09-17
63.0,166.53,female,False,2020-06-18
26.0,173.77,female,,2017-10-12
28.0,170.21,female,,2017-12-12
39.0,167.73,,False,2018-05-03
,169.01,female,True,2019-11-06
38.0,182.18,,False,2016-08-20
18.0,164.4,female,True,2023-10-07
39.0,163.11,other,False,2015-08-13
59.0,183.37,other,False,2016-08-15
18.0,191.36,male,True,2018-06-21
60.0,170.61,other,,2023-12-24
44.0,181.35,other,True,2022-06-25
46.0,179.6,female,False,2015-07-26
21.0,165.52,female,True,2015-10-20
58.0,184.1,other,False,2020-12-08
25.0,199.09,other,False,2016-07-16
23.0,157.64,other,True,2020-08-06
57.0,156.84,other,True,2023-12-20
37.0,169.91,male,False,2019-07-04
63.0,163.96,,True,2022-11-15
42.0,173.03,male,False,2022-03-16
39.0,177.31,female,True,2020-01-14
44.0,177.78,other,True,2019-10-02
47.0,165.63,other,False,2018-04-12
56.0,173.43,male,,2020-04-20
64.0,164.79,female,True,2024-10-06
60.0,171.2,female,False,2020-05-15
38.0,165.73,male,False,2023-01-28
60.0,175.01,female,False,2018-06-19
29.0,178.17,male,True,2022-04-14
32.0,162.73,female,,2021-01-20
37.0,171.03,male,True,2021-10-06
32.0,167.76,male,True,2018-04-19
19.0,167.24,female,False,2021-05-31
30.0,162.52,female,,2024-11-06
61.0,164.4,male,False,2017-01-28
51.0,173.7,female,False,2021-08-16
60.0,176.97,,False,2024-07-01
59.0,,other,True,2024-05-25
63.0,163.86,other,False,
57.0,,male,False,2023-02-16
28.0,182.7,other,True,2020-05-16
50.0,163.9,,True,2022-04-24
40.0,191.88,female,True,2023-10-07
46.0,164.45,female,True,2023-06-01
41.0,169.07,other,True,2023-03-13
39.0,149.34,,False,2022-06-08
56.0,172.95,female,False,2016-12-20
33.0,177.1,other,True,2020-12-24
45.0,193.26,female,True,2022-06-26
,163.68,other,False,2022-08-02
21.0,171.31,male,False,2023-07-09
63.0,150.71,other,False,
19.0,170.6,female,False,2016-02-24
24.0,193.96,male,False,2017-03-22
22.0,188.98,other,True,2023-03-27
37.0,146.85,other,False,2016-09-17
27.0,180.64,other,False,2023-10-12
40.0,168.79,other,True,2024-07-23
56.0,151.93,other,False,2016-11-05
62.0,,female,False,2018-07-05
60.0,185.02,male,False,2024-10-27
23.0,166.29,male,True,2018-01-17
